"REGION"	"COUNTRY"	"MARKET_TYPE"	"PROJECT_SCOPE"	"PROJECT_TYPE"	"PROJECT_COUNT"
"Central Asia"	"Kazakhstan"	"VCS"	"Renewable Energy"	"Wind"	"1"
"Central Asia"	"Tajikistan"	"VCS"	"Renewable Energy"	"Hydropower"	"1"
"Central Asia"	"Turkmenistan"	"VCS"	"Renewable Energy"	"Hydropower"	"1"
"Central Asia"	"Uzbekistan"	"VCS"	"Industrial & Commercial"	"Leak Detection & Repair in Gas Systems"	"1"
"Eastern Asia"	"China"	"GS"	"Household & Community"	"Biodigesters"	"98"
"Eastern Asia"	"China"	"GS"	"Renewable Energy"	"Wind"	"26"
"Eastern Asia"	"China"	"GS"	"Household & Community"	"Cookstoves"	"21"
"Eastern Asia"	"China"	"GS"	"Agriculture"	"Manure Methane Digester"	"14"
"Eastern Asia"	"China"	"GS"	"Renewable Energy"	"Solar - Centralized"	"13"
"Eastern Asia"	"China"	"GS"	"Renewable Energy"	"Hydropower"	"11"
"Eastern Asia"	"China"	"GS"	"Industrial & Commercial"	"Waste Heat Recovery"	"5"
"Eastern Asia"	"China"	"GS"	"Renewable Energy"	"Biomass"	"4"
"Eastern Asia"	"China"	"GS"	"Renewable Energy"	"Geothermal"	"4"
"Eastern Asia"	"China"	"GS"	"Waste Management"	"Landfill Methane"	"4"
"Eastern Asia"	"China"	"GS"	"Renewable Energy"	"Solar - centralized"	"3"
"Eastern Asia"	"China"	"GS"	"Waste Management"	"Methane Recovery in Wastewater"	"3"
"Eastern Asia"	"China"	"GS"	"Forestry & Land Use"	"Afforestation/Reforestation"	"2"
"Eastern Asia"	"China"	"GS"	"Industrial & Commercial"	"Waste Gas Recovery"	"1"
"Eastern Asia"	"China"	"VCS"	"Renewable Energy"	"Wind"	"125"
"Eastern Asia"	"China"	"VCS"	"Renewable Energy"	"Hydropower"	"70"
"Eastern Asia"	"China"	"VCS"	"Agriculture"	"Manure Methane Digester"	"58"
"Eastern Asia"	"China"	"VCS"	"Waste Management"	"Landfill Methane"	"52"
"Eastern Asia"	"China"	"VCS"	"Industrial & Commercial"	"Mine Methane Capture"	"19"
"Eastern Asia"	"China"	"VCS"	"Forestry & Land Use"	"Afforestation/Reforestation"	"18"
"Eastern Asia"	"China"	"VCS"	"Waste Management"	"Composting"	"16"
"Eastern Asia"	"China"	"VCS"	"Renewable Energy"	"Biomass"	"12"
"Eastern Asia"	"China"	"VCS"	"Waste Management"	"Waste Recycling"	"11"
"Eastern Asia"	"China"	"VCS"	"Renewable Energy"	"Solar - Centralized"	"10"
"Eastern Asia"	"China"	"VCS"	"Forestry & Land Use"	"Improved Forest Management"	"8"
"Eastern Asia"	"China"	"VCS"	"Industrial & Commercial"	"Natural Gas Electricity Generation"	"8"
"Eastern Asia"	"China"	"VCS"	"Waste Management"	"Methane Recovery in Wastewater"	"7"
"Eastern Asia"	"China"	"VCS"	"Industrial & Commercial"	"Waste Heat Recovery"	"6"
"Eastern Asia"	"China"	"VCS"	"Renewable Energy"	"Geothermal"	"6"
"Eastern Asia"	"China"	"VCS"	"Waste Management"	"Waste Incineration"	"6"
"Eastern Asia"	"China"	"VCS"	"Forestry & Land Use"	"Sustainable Grassland Management"	"5"
"Eastern Asia"	"China"	"VCS"	"Household & Community"	"Biodigesters"	"2"
"Eastern Asia"	"China"	"VCS"	"Household & Community"	"Cookstoves"	"2"
"Eastern Asia"	"China"	"VCS"	"Industrial & Commercial"	"Waste Gas Recovery"	"2"
"Eastern Asia"	"China"	"VCS"	"Transportation"	"Electric Vehicles & Charging"	"2"
"Eastern Asia"	"China"	"VCS"	"Chemical Processes"	"HFC23 Destruction"	"1"
"Eastern Asia"	"China"	"VCS"	"Forestry & Land Use"	"Wetland Restoration"	"1"
"Eastern Asia"	"China"	"VCS"	"Household & Community"	"Bundled Energy Efficiency"	"1"
"Eastern Asia"	"Mongolia"	"GS"	"Household & Community"	"Bundled Energy Efficiency"	"9"
"Eastern Asia"	"Mongolia"	"GS"	"Household & Community"	"Weatherization"	"1"
"Eastern Asia"	"Mongolia"	"GS"	"Renewable Energy"	"Wind"	"1"
"Eastern Asia"	"Mongolia"	"VCS"	"Renewable Energy"	"Wind"	"1"
"Eastern Asia"	"South Korea"	"VCS"	"Waste Management"	"Landfill Methane"	"2"
"Eastern Asia"	"South Korea"	"VCS"	"Household & Community"	"Bundled Energy Efficiency"	"1"
"Eastern Asia"	"South Korea"	"VCS"	"Industrial & Commercial"	"Waste Gas Recovery"	"1"
"Eastern Asia"	"South Korea"	"VCS"	"Industrial & Commercial"	"Waste Heat Recovery"	"1"
"Eastern Asia"	"South Korea"	"VCS"	"Renewable Energy"	"Wind"	"1"
"Eastern Asia"	"Taiwan"	"GS"	"Renewable Energy"	"Wind"	"5"
"Eastern Asia"	"Taiwan"	"GS"	"Renewable Energy"	"Biomass"	"1"
"Eastern Asia"	"Taiwan"	"VCS"	"Renewable Energy"	"Hydropower"	"1"
"Eastern Asia"	"Taiwan"	"VCS"	"Waste Management"	"Landfill Methane"	"1"
"Eastern Europe"	"Bulgaria"	"GS"	"Renewable Energy"	"Biomass"	"1"
"Eastern Europe"	"Bulgaria"	"GS"	"Waste Management"	"Methane Recovery in Wastewater"	"1"
"Eastern Europe"	"Bulgaria"	"VCS"	"Renewable Energy"	"Hydropower"	"1"
"Eastern Europe"	"Romania"	"GS"	"Waste Management"	"Waste Recycling"	"1"
"Eastern Europe"	"Romania"	"VCS"	"Forestry & Land Use"	"Improved Forest Management"	"1"
"Eastern Europe"	"Russia"	"GS"	"Renewable Energy"	"Biomass"	"1"
"Eastern Europe"	"Russia"	"VCS"	"Renewable Energy"	"Biomass"	"1"
"Europe"	"Albania"	"VCS"	"Forestry & Land Use"	"Afforestation/Reforestation"	"1"
"Europe"	"Estonia"	"VCS"	"Forestry & Land Use"	"Afforestation/Reforestation"	"1"
"Europe"	"Germany"	"GS"	"Waste Management"	"Waste Recycling"	"1"
"Europe"	"Germany"	"VCS"	"Industrial & Commercial"	"Mine Methane Capture"	"39"
"Europe"	"Germany"	"VCS"	"Forestry & Land Use"	"Improved Forest Management"	"1"
"Europe"	"Iceland"	"VCS"	"Transportation"	"Electric Vehicles & Charging"	"1"
"Europe"	"Netherlands"	"VCS"	"Agriculture"	"Manure Methane Digester"	"2"
"Europe"	"Switzerland"	"GS"	"Household & Community"	"Biodigesters"	"1"
"Europe"	"Switzerland"	"GS"	"Industrial & Commercial"	"Carbon-Absorbing Concrete"	"1"
"Europe"	"United Kingdom"	"VCS"	"Agriculture"	"Feed Additives"	"1"
"Europe"	"United Kingdom"	"VCS"	"Household & Community"	"Weatherization"	"1"
"Europe"	"United Kingdom"	"VCS"	"Industrial & Commercial"	"Mine Methane Capture"	"1"
"International"	"International"	"GS"	"Transportation"	"Shipping"	"2"
"International"	"International"	"GS"	"Agriculture"	"Feed Additives"	"1"
"International"	"International"	"GS"	"Forestry & Land Use"	"Afforestation/Reforestation"	"1"
"Latin America and the Caribbean"	"Argentina"	"GS"	"Renewable Energy"	"Solar - Centralized"	"1"
"Latin America and the Caribbean"	"Argentina"	"VCS"	"Renewable Energy"	"Wind"	"4"
"Latin America and the Caribbean"	"Argentina"	"VCS"	"Forestry & Land Use"	"Afforestation/Reforestation"	"1"
"Latin America and the Caribbean"	"Argentina"	"VCS"	"Renewable Energy"	"Biomass"	"1"
"Latin America and the Caribbean"	"Argentina"	"VCS"	"Renewable Energy"	"Hydropower"	"1"
"Latin America and the Caribbean"	"Argentina"	"VCS"	"Renewable Energy"	"Solar - Centralized"	"1"
"Latin America and the Caribbean"	"Argentina"	"VCS"	"Waste Management"	"Landfill Methane"	"1"
"Latin America and the Caribbean"	"Argentina"	"VCS"	"Waste Management"	"Methane Recovery in Wastewater"	"1"
"Latin America and the Caribbean"	"Aruba"	"GS"	"Renewable Energy"	"Wind"	"1"
"Latin America and the Caribbean"	"Belize"	"VCS"	"Forestry & Land Use"	"REDD+"	"4"
"Latin America and the Caribbean"	"Bolivia"	"GS"	"Household & Community"	"Cookstoves"	"3"
"Latin America and the Caribbean"	"Bolivia"	"GS"	"Forestry & Land Use"	"Afforestation/Reforestation"	"1"
"Latin America and the Caribbean"	"Bolivia"	"VCS"	"Forestry & Land Use"	"REDD+"	"1"
"Latin America and the Caribbean"	"Brazil"	"GS"	"Waste Management"	"Landfill Methane"	"6"
"Latin America and the Caribbean"	"Brazil"	"GS"	"Household & Community"	"Cookstoves"	"4"
"Latin America and the Caribbean"	"Brazil"	"GS"	"Renewable Energy"	"Biomass"	"4"
"Latin America and the Caribbean"	"Brazil"	"VCS"	"Renewable Energy"	"Biomass"	"41"
"Latin America and the Caribbean"	"Brazil"	"VCS"	"Forestry & Land Use"	"REDD+"	"18"
"Latin America and the Caribbean"	"Brazil"	"VCS"	"Renewable Energy"	"Hydropower"	"11"
"Latin America and the Caribbean"	"Brazil"	"VCS"	"Forestry & Land Use"	"Afforestation/Reforestation"	"8"
"Latin America and the Caribbean"	"Brazil"	"VCS"	"Waste Management"	"Landfill Methane"	"7"
"Latin America and the Caribbean"	"Brazil"	"VCS"	"Renewable Energy"	"RE Bundled"	"3"
"Latin America and the Caribbean"	"Brazil"	"VCS"	"Renewable Energy"	"Wind"	"2"
"Latin America and the Caribbean"	"Brazil"	"VCS"	"Agriculture"	"Manure Methane Digester"	"1"
"Latin America and the Caribbean"	"Brazil"	"VCS"	"Renewable Energy"	"Solar - Centralized"	"1"
"Latin America and the Caribbean"	"Brazil"	"VCS"	"Transportation"	"Bicycles"	"1"
"Latin America and the Caribbean"	"Brazil"	"VCS"	"Transportation"	"Fleet Efficiency"	"1"
"Latin America and the Caribbean"	"Brazil"	"VCS"	"Waste Management"	"Methane Recovery in Wastewater"	"1"
"Latin America and the Caribbean"	"Chile"	"GS"	"Renewable Energy"	"Wind"	"2"
"Latin America and the Caribbean"	"Chile"	"GS"	"Waste Management"	"Landfill Methane"	"1"
"Latin America and the Caribbean"	"Chile"	"VCS"	"Renewable Energy"	"Hydropower"	"10"
"Latin America and the Caribbean"	"Chile"	"VCS"	"Forestry & Land Use"	"Afforestation/Reforestation"	"2"
"Latin America and the Caribbean"	"Chile"	"VCS"	"Renewable Energy"	"Solar - Centralized"	"2"
"Latin America and the Caribbean"	"Chile"	"VCS"	"Renewable Energy"	"Wind"	"2"
"Latin America and the Caribbean"	"Chile"	"VCS"	"Forestry & Land Use"	"REDD+"	"1"
"Latin America and the Caribbean"	"Chile"	"VCS"	"Industrial & Commercial"	"Waste Gas Recovery"	"1"
"Latin America and the Caribbean"	"Chile"	"VCS"	"Renewable Energy"	"Biomass"	"1"
"Latin America and the Caribbean"	"Chile"	"VCS"	"Waste Management"	"Landfill Methane"	"1"
"Latin America and the Caribbean"	"Colombia"	"GS"	"Forestry & Land Use"	"Afforestation/Reforestation"	"2"
"Latin America and the Caribbean"	"Colombia"	"GS"	"Renewable Energy"	"Biomass"	"1"
"Latin America and the Caribbean"	"Colombia"	"GS"	"Renewable Energy"	"Hydropower"	"1"
"Latin America and the Caribbean"	"Colombia"	"VCS"	"Forestry & Land Use"	"REDD+"	"13"
"Latin America and the Caribbean"	"Colombia"	"VCS"	"Renewable Energy"	"Hydropower"	"11"
"Latin America and the Caribbean"	"Colombia"	"VCS"	"Forestry & Land Use"	"Afforestation/Reforestation"	"9"
"Latin America and the Caribbean"	"Colombia"	"VCS"	"Waste Management"	"Landfill Methane"	"2"
"Latin America and the Caribbean"	"Colombia"	"VCS"	"Renewable Energy"	"Solar - Centralized"	"1"
"Latin America and the Caribbean"	"Colombia"	"VCS"	"Renewable Energy"	"Wind"	"1"
"Latin America and the Caribbean"	"Costa Rica"	"GS"	"Forestry & Land Use"	"Afforestation/Reforestation"	"1"
"Latin America and the Caribbean"	"Costa Rica"	"GS"	"Renewable Energy"	"Wind"	"1"
"Latin America and the Caribbean"	"Costa Rica"	"VCS"	"Renewable Energy"	"Wind"	"1"
"Latin America and the Caribbean"	"Dominican Republic"	"GS"	"Renewable Energy"	"Solar - Centralized"	"1"
"Latin America and the Caribbean"	"Dominican Republic"	"VCS"	"Chemical Processes"	"Ozone Depleting Substances Recovery & Destruction"	"1"
"Latin America and the Caribbean"	"Dominican Republic"	"VCS"	"Industrial & Commercial"	"Waste Heat Recovery"	"1"
"Latin America and the Caribbean"	"Dominican Republic"	"VCS"	"Renewable Energy"	"Wind"	"1"
"Latin America and the Caribbean"	"Ecuador"	"VCS"	"Renewable Energy"	"Wind"	"1"
"Latin America and the Caribbean"	"Ecuador"	"VCS"	"Waste Management"	"Landfill Methane"	"1"
"Latin America and the Caribbean"	"El Salvador"	"VCS"	"Household & Community"	"Lighting"	"1"
"Latin America and the Caribbean"	"El Salvador"	"VCS"	"Renewable Energy"	"Wind"	"1"
"Latin America and the Caribbean"	"El Salvador"	"VCS"	"Waste Management"	"Landfill Methane"	"1"
"Latin America and the Caribbean"	"Guatemala"	"GS"	"Household & Community"	"Cookstoves"	"4"
"Latin America and the Caribbean"	"Guatemala"	"GS"	"Household & Community"	"Bundled Energy Efficiency"	"1"
"Latin America and the Caribbean"	"Guatemala"	"VCS"	"Forestry & Land Use"	"Afforestation/Reforestation"	"2"
"Latin America and the Caribbean"	"Guatemala"	"VCS"	"Forestry & Land Use"	"REDD+"	"2"
"Latin America and the Caribbean"	"Guatemala"	"VCS"	"Household & Community"	"Cookstoves"	"1"
"Latin America and the Caribbean"	"Guatemala"	"VCS"	"Renewable Energy"	"Geothermal"	"1"
"Latin America and the Caribbean"	"Haiti"	"GS"	"Household & Community"	"Clean Water"	"1"
"Latin America and the Caribbean"	"Haiti"	"GS"	"Household & Community"	"Cookstoves"	"1"
"Latin America and the Caribbean"	"Honduras"	"GS"	"Household & Community"	"Cookstoves"	"14"
"Latin America and the Caribbean"	"Honduras"	"GS"	"Renewable Energy"	"Hydropower"	"4"
"Latin America and the Caribbean"	"Honduras"	"GS"	"Household & Community"	"Clean Water"	"3"
"Latin America and the Caribbean"	"Honduras"	"GS"	"Agriculture"	"Manure Methane Digester"	"1"
"Latin America and the Caribbean"	"Honduras"	"GS"	"Forestry & Land Use"	"Afforestation/Reforestation"	"1"
"Latin America and the Caribbean"	"Honduras"	"GS"	"Waste Management"	"Methane Recovery in Wastewater"	"1"
"Latin America and the Caribbean"	"Honduras"	"VCS"	"Renewable Energy"	"Hydropower"	"2"
"Latin America and the Caribbean"	"Honduras"	"VCS"	"Renewable Energy"	"Wind"	"1"
"Latin America and the Caribbean"	"Mexico"	"ACR"	"Chemical Processes"	"HFC Replacement in Foam Production"	"2"
"Latin America and the Caribbean"	"Mexico"	"CAR"	"Forestry & Land Use"	"Improved Forest Management"	"175"
"Latin America and the Caribbean"	"Mexico"	"CAR"	"Waste Management"	"Landfill Methane"	"2"
"Latin America and the Caribbean"	"Mexico"	"GS"	"Household & Community"	"Cookstoves"	"2"
"Latin America and the Caribbean"	"Mexico"	"VCS"	"Renewable Energy"	"Wind"	"3"
"Latin America and the Caribbean"	"Mexico"	"VCS"	"Forestry & Land Use"	"Afforestation/Reforestation"	"1"
"Latin America and the Caribbean"	"Nicaragua"	"GS"	"Renewable Energy"	"Wind"	"3"
"Latin America and the Caribbean"	"Nicaragua"	"GS"	"Forestry & Land Use"	"Afforestation/Reforestation"	"2"
"Latin America and the Caribbean"	"Nicaragua"	"VCS"	"Forestry & Land Use"	"Afforestation/Reforestation"	"2"
"Latin America and the Caribbean"	"Nicaragua"	"VCS"	"Renewable Energy"	"Wind"	"2"
"Latin America and the Caribbean"	"Panama"	"GS"	"Forestry & Land Use"	"Afforestation/Reforestation"	"2"
"Latin America and the Caribbean"	"Panama"	"VCS"	"Forestry & Land Use"	"Afforestation/Reforestation"	"1"
"Latin America and the Caribbean"	"Panama"	"VCS"	"Forestry & Land Use"	"REDD+"	"1"
"Latin America and the Caribbean"	"Paraguay"	"VCS"	"Forestry & Land Use"	"Afforestation/Reforestation"	"5"
"Latin America and the Caribbean"	"Paraguay"	"VCS"	"Forestry & Land Use"	"REDD+"	"3"
"Latin America and the Caribbean"	"Peru"	"GS"	"Household & Community"	"Cookstoves"	"6"
"Latin America and the Caribbean"	"Peru"	"GS"	"Forestry & Land Use"	"Afforestation/Reforestation"	"1"
"Latin America and the Caribbean"	"Peru"	"VCS"	"Forestry & Land Use"	"REDD+"	"9"
"Latin America and the Caribbean"	"Peru"	"VCS"	"Forestry & Land Use"	"Afforestation/Reforestation"	"4"
"Latin America and the Caribbean"	"Peru"	"VCS"	"Forestry & Land Use"	"Improved Forest Management"	"1"
"Latin America and the Caribbean"	"Peru"	"VCS"	"Industrial & Commercial"	"Fuel Switching"	"1"
"Latin America and the Caribbean"	"Peru"	"VCS"	"Industrial & Commercial"	"Grid Expansion & Mini-Grids"	"1"
"Latin America and the Caribbean"	"Peru"	"VCS"	"Renewable Energy"	"Hydropower"	"1"
"Latin America and the Caribbean"	"Peru"	"VCS"	"Renewable Energy"	"RE Bundled"	"1"
"Latin America and the Caribbean"	"Peru"	"VCS"	"Transportation"	"Mass Transit"	"1"
"Latin America and the Caribbean"	"Uruguay"	"VCS"	"Forestry & Land Use"	"Afforestation/Reforestation"	"8"
"Latin America and the Caribbean"	"Uruguay"	"VCS"	"Renewable Energy"	"Wind"	"2"
"Latin America and the Caribbean"	"Uruguay"	"VCS"	"Renewable Energy"	"Biomass"	"1"
"Latin America and the Caribbean"	"Uruguay"	"VCS"	"Renewable Energy"	"RE Bundled"	"1"
"North America"	"Canada"	"ACR"	"Chemical Processes"	"HFC Refrigerant Reclamation"	"1"
"North America"	"Canada"	"ACR"	"Forestry & Land Use"	"Improved Forest Management"	"1"
"North America"	"Canada"	"VCS"	"Forestry & Land Use"	"Improved Forest Management"	"3"
"North America"	"Canada"	"VCS"	"Industrial & Commercial"	"Energy Efficiency"	"1"
"North America"	"Canada"	"VCS"	"Waste Management"	"Landfill Methane"	"1"
"North America"	"United States"	"ACR"	"Forestry & Land Use"	"Improved Forest Management"	"84"
"North America"	"United States"	"ACR"	"Waste Management"	"Landfill Methane"	"5"
"North America"	"United States"	"ACR"	"Chemical Processes"	"Advanced Refrigerants"	"2"
"North America"	"United States"	"ACR"	"Chemical Processes"	"HFC Replacement in Foam Production"	"1"
"North America"	"United States"	"ACR"	"Forestry & Land Use"	"Afforestation/Reforestation"	"1"
"North America"	"United States"	"ACR"	"Forestry & Land Use"	"Avoided Grassland Conversion"	"1"
"North America"	"United States"	"ACR"	"Forestry & Land Use"	"Wetland Restoration"	"1"
"North America"	"United States"	"ACR"	"Industrial & Commercial"	"Mine Methane Capture"	"1"
"North America"	"United States"	"ACR"	"Industrial & Commercial"	"Oil Recycling"	"1"
"North America"	"United States"	"CAR"	"Forestry & Land Use"	"Improved Forest Management"	"81"
"North America"	"United States"	"CAR"	"Waste Management"	"Landfill Methane"	"46"
"North America"	"United States"	"CAR"	"Agriculture"	"Manure Methane Digester"	"33"
"North America"	"United States"	"CAR"	"Forestry & Land Use"	"Avoided Grassland Conversion"	"16"
"North America"	"United States"	"CAR"	"Chemical Processes"	"Ozone Depleting Substances Recovery & Destruction"	"10"
"North America"	"United States"	"CAR"	"Chemical Processes"	"N2O Destruction in Nitric Acid Production"	"7"
"North America"	"United States"	"CAR"	"Forestry & Land Use"	"Avoided Forest Conversion"	"6"
"North America"	"United States"	"CAR"	"Forestry & Land Use"	"Afforestation/Reforestation"	"5"
"North America"	"United States"	"CAR"	"Waste Management"	"Composting"	"3"
"North America"	"United States"	"CAR"	"Agriculture"	"Sustainable Agriculture"	"2"
"North America"	"United States"	"CAR"	"Agriculture"	"Nitrogen Management"	"1"
"North America"	"United States"	"CAR"	"Chemical Processes"	"N2O Destruction in Adipic Acid Production"	"1"
"North America"	"United States"	"CAR"	"Industrial & Commercial"	"Mine Methane Capture"	"1"
"North America"	"United States"	"CAR"	"Waste Management"	"Methane Recovery in Wastewater"	"1"
"North America"	"United States"	"GS"	"Forestry & Land Use"	"Afforestation/Reforestation"	"1"
"North America"	"United States"	"GS"	"Waste Management"	"Composting"	"1"
"North America"	"United States"	"VCS"	"Waste Management"	"Landfill Methane"	"13"
"North America"	"United States"	"VCS"	"Renewable Energy"	"Wind"	"10"
"North America"	"United States"	"VCS"	"Agriculture"	"Solid Waste Separation"	"7"
"North America"	"United States"	"VCS"	"Forestry & Land Use"	"Improved Forest Management"	"6"
"North America"	"United States"	"VCS"	"Renewable Energy"	"Biomass"	"5"
"North America"	"United States"	"VCS"	"Waste Management"	"Methane Recovery in Wastewater"	"5"
"North America"	"United States"	"VCS"	"Forestry & Land Use"	"Afforestation/Reforestation"	"4"
"North America"	"United States"	"VCS"	"Industrial & Commercial"	"University Campus Emission Reductions"	"4"
"North America"	"United States"	"VCS"	"Industrial & Commercial"	"Road Construction Emission Reductions"	"3"
"North America"	"United States"	"VCS"	"Carbon Capture & Storage"	"Carbon Capture in Concrete"	"2"
"North America"	"United States"	"VCS"	"Industrial & Commercial"	"Mine Methane Capture"	"2"
"North America"	"United States"	"VCS"	"Industrial & Commercial"	"Waste Heat Recovery"	"2"
"North America"	"United States"	"VCS"	"Transportation"	"Electric Vehicles & Charging"	"2"
"North America"	"United States"	"VCS"	"Waste Management"	"Waste Incineration"	"2"
"North America"	"United States"	"VCS"	"Chemical Processes"	"HFC23 Destruction"	"1"
"North America"	"United States"	"VCS"	"Chemical Processes"	"SF6 Replacement"	"1"
"North America"	"United States"	"VCS"	"Forestry & Land Use"	"Sustainable Grassland Management"	"1"
"North America"	"United States"	"VCS"	"Household & Community"	"Biodigesters"	"1"
"North America"	"United States"	"VCS"	"Household & Community"	"Weatherization"	"1"
"Northern Africa"	"Egypt"	"GS"	"Renewable Energy"	"Wind"	"2"
"Northern Africa"	"Egypt"	"VCS"	"Renewable Energy"	"Solar - Centralized"	"4"
"Northern Africa"	"Morocco"	"GS"	"Renewable Energy"	"Wind"	"2"
"Northern Africa"	"Morocco"	"GS"	"Renewable Energy"	"Solar - Distributed"	"1"
"Northern Africa"	"Morocco"	"VCS"	"Renewable Energy"	"Solar - Centralized"	"3"
"Northern Africa"	"Morocco"	"VCS"	"Renewable Energy"	"Wind"	"1"
"Northern Africa"	"Sudan"	"GS"	"Household & Community"	"Cookstoves"	"2"
"Northern Africa"	"Tunisia"	"VCS"	"Renewable Energy"	"Solar - Centralized"	"1"
"Oceania"	"Australia"	"GS"	"Forestry & Land Use"	"Afforestation/Reforestation"	"1"
"Oceania"	"Australia"	"VCS"	"Forestry & Land Use"	"Improved Forest Management"	"3"
"Oceania"	"Australia"	"VCS"	"Forestry & Land Use"	"Afforestation/Reforestation"	"1"
"Oceania"	"New Caledonia"	"GS"	"Renewable Energy"	"Wind"	"1"
"Oceania"	"New Zealand"	"GS"	"Renewable Energy"	"Wind"	"2"
"Oceania"	"New Zealand"	"VCS"	"Household & Community"	"Lighting"	"1"
"Oceania"	"New Zealand"	"VCS"	"Waste Management"	"Landfill Methane"	"1"
"Oceania"	"Papua New Guinea"	"GS"	"Waste Management"	"Methane Recovery in Wastewater"	"2"
"Oceania"	"Papua New Guinea"	"VCS"	"Forestry & Land Use"	"REDD+"	"1"
"Oceania"	"Papua New Guinea"	"VCS"	"Household & Community"	"Cookstoves"	"1"
"South-Eastern Asia"	"Cambodia"	"GS"	"Household & Community"	"Clean Water"	"2"
"South-Eastern Asia"	"Cambodia"	"GS"	"Household & Community"	"Biodigesters"	"1"
"South-Eastern Asia"	"Cambodia"	"VCS"	"Forestry & Land Use"	"REDD+"	"4"
"South-Eastern Asia"	"Cambodia"	"VCS"	"Household & Community"	"Cookstoves"	"3"
"South-Eastern Asia"	"Cambodia"	"VCS"	"Household & Community"	"Clean Water"	"1"
"South-Eastern Asia"	"Cambodia"	"VCS"	"Renewable Energy"	"Solar - Centralized"	"1"
"South-Eastern Asia"	"Indonesia"	"GS"	"Renewable Energy"	"Geothermal"	"3"
"South-Eastern Asia"	"Indonesia"	"GS"	"Household & Community"	"Biodigesters"	"2"
"South-Eastern Asia"	"Indonesia"	"GS"	"Renewable Energy"	"Wind"	"2"
"South-Eastern Asia"	"Indonesia"	"GS"	"Waste Management"	"Composting"	"2"
"South-Eastern Asia"	"Indonesia"	"GS"	"Household & Community"	"Clean Water"	"1"
"South-Eastern Asia"	"Indonesia"	"GS"	"Industrial & Commercial"	"Fuel Switching"	"1"
"South-Eastern Asia"	"Indonesia"	"GS"	"Renewable Energy"	"Hydropower"	"1"
"South-Eastern Asia"	"Indonesia"	"GS"	"Renewable Energy"	"Solar - Centralized"	"1"
"South-Eastern Asia"	"Indonesia"	"VCS"	"Forestry & Land Use"	"REDD+"	"4"
"South-Eastern Asia"	"Indonesia"	"VCS"	"Renewable Energy"	"Hydropower"	"4"
"South-Eastern Asia"	"Indonesia"	"VCS"	"Renewable Energy"	"Geothermal"	"2"
"South-Eastern Asia"	"Indonesia"	"VCS"	"Waste Management"	"Methane Recovery in Wastewater"	"2"
"South-Eastern Asia"	"Indonesia"	"VCS"	"Forestry & Land Use"	"Wetland Restoration"	"1"
"South-Eastern Asia"	"Indonesia"	"VCS"	"Household & Community"	"Clean Water"	"1"
"South-Eastern Asia"	"Indonesia"	"VCS"	"Industrial & Commercial"	"Natural Gas Electricity Generation"	"1"
"South-Eastern Asia"	"Indonesia"	"VCS"	"Industrial & Commercial"	"Waste Gas Recovery"	"1"
"South-Eastern Asia"	"Indonesia"	"VCS"	"Waste Management"	"Landfill Methane"	"1"
"South-Eastern Asia"	"Laos"	"GS"	"Renewable Energy"	"Hydropower"	"6"
"South-Eastern Asia"	"Laos"	"GS"	"Household & Community"	"Clean Water"	"1"
"South-Eastern Asia"	"Laos"	"GS"	"Household & Community"	"Cookstoves"	"1"
"South-Eastern Asia"	"Laos"	"VCS"	"Household & Community"	"Cookstoves"	"4"
"South-Eastern Asia"	"Laos"	"VCS"	"Renewable Energy"	"Hydropower"	"2"
"South-Eastern Asia"	"Malaysia"	"VCS"	"Waste Management"	"Methane Recovery in Wastewater"	"7"
"South-Eastern Asia"	"Malaysia"	"VCS"	"Forestry & Land Use"	"Improved Forest Management"	"2"
"South-Eastern Asia"	"Malaysia"	"VCS"	"Renewable Energy"	"Hydropower"	"1"
"South-Eastern Asia"	"Myanmar"	"GS"	"Household & Community"	"Cookstoves"	"21"
"South-Eastern Asia"	"Myanmar"	"VCS"	"Forestry & Land Use"	"Wetland Restoration"	"3"
"South-Eastern Asia"	"Myanmar"	"VCS"	"Renewable Energy"	"Solar - Centralized"	"3"
"South-Eastern Asia"	"Philippines"	"GS"	"Renewable Energy"	"Solar - Centralized"	"1"
"South-Eastern Asia"	"Philippines"	"GS"	"Renewable Energy"	"Wind"	"1"
"South-Eastern Asia"	"Philippines"	"VCS"	"Forestry & Land Use"	"Afforestation/Reforestation"	"2"
"South-Eastern Asia"	"Philippines"	"VCS"	"Household & Community"	"Cookstoves"	"2"
"South-Eastern Asia"	"Philippines"	"VCS"	"Renewable Energy"	"Biomass"	"1"
"South-Eastern Asia"	"Philippines"	"VCS"	"Renewable Energy"	"Solar - Centralized"	"1"
"South-Eastern Asia"	"Singapore"	"VCS"	"Household & Community"	"Lighting"	"2"
"South-Eastern Asia"	"Singapore"	"VCS"	"Industrial & Commercial"	"Energy Efficiency"	"1"
"South-Eastern Asia"	"Singapore"	"VCS"	"Industrial & Commercial"	"Natural Gas Electricity Generation"	"1"
"South-Eastern Asia"	"Singapore"	"VCS"	"Transportation"	"Electric Vehicles & Charging"	"1"
"South-Eastern Asia"	"Thailand"	"GS"	"Waste Management"	"Methane Recovery in Wastewater"	"15"
"South-Eastern Asia"	"Thailand"	"GS"	"Renewable Energy"	"Wind"	"3"
"South-Eastern Asia"	"Thailand"	"GS"	"Renewable Energy"	"Solar - Centralized"	"2"
"South-Eastern Asia"	"Thailand"	"GS"	"Waste Management"	"Landfill Methane"	"2"
"South-Eastern Asia"	"Thailand"	"VCS"	"Waste Management"	"Methane Recovery in Wastewater"	"20"
"South-Eastern Asia"	"Thailand"	"VCS"	"Agriculture"	"Manure Methane Digester"	"6"
"South-Eastern Asia"	"Thailand"	"VCS"	"Renewable Energy"	"Biomass"	"5"
"South-Eastern Asia"	"Thailand"	"VCS"	"Renewable Energy"	"Wind"	"5"
"South-Eastern Asia"	"Thailand"	"VCS"	"Household & Community"	"Cookstoves"	"2"
"South-Eastern Asia"	"Thailand"	"VCS"	"Renewable Energy"	"Solar - Distributed"	"1"
"South-Eastern Asia"	"Thailand"	"VCS"	"Waste Management"	"Landfill Methane"	"1"
"South-Eastern Asia"	"Timor-Leste"	"GS"	"Forestry & Land Use"	"Afforestation/Reforestation"	"1"
"South-Eastern Asia"	"Viet Nam"	"GS"	"Renewable Energy"	"Hydropower"	"13"
"South-Eastern Asia"	"Viet Nam"	"GS"	"Renewable Energy"	"Wind"	"13"
"South-Eastern Asia"	"Viet Nam"	"GS"	"Waste Management"	"Methane Recovery in Wastewater"	"5"
"South-Eastern Asia"	"Viet Nam"	"GS"	"Renewable Energy"	"Solar - Centralized"	"3"
"South-Eastern Asia"	"Viet Nam"	"GS"	"Household & Community"	"Biodigesters"	"2"
"South-Eastern Asia"	"Viet Nam"	"GS"	"Waste Management"	"Composting"	"1"
"South-Eastern Asia"	"Viet Nam"	"VCS"	"Renewable Energy"	"Hydropower"	"12"
"South-Eastern Asia"	"Viet Nam"	"VCS"	"Household & Community"	"Cookstoves"	"6"
"South-Eastern Asia"	"Viet Nam"	"VCS"	"Renewable Energy"	"Solar - Centralized"	"6"
"South-Eastern Asia"	"Viet Nam"	"VCS"	"Household & Community"	"Lighting"	"2"
"South-Eastern Asia"	"Viet Nam"	"VCS"	"Renewable Energy"	"Biomass"	"2"
"South-Eastern Asia"	"Viet Nam"	"VCS"	"Household & Community"	"Clean Water"	"1"
"South-Eastern Asia"	"Viet Nam"	"VCS"	"Waste Management"	"Methane Recovery in Wastewater"	"1"
"Southern Asia"	"Bangladesh"	"GS"	"Household & Community"	"Cookstoves"	"108"
"Southern Asia"	"Bangladesh"	"GS"	"Household & Community"	"Clean Water"	"5"
"Southern Asia"	"Bangladesh"	"VCS"	"Industrial & Commercial"	"Leak Detection & Repair in Gas Systems"	"6"
"Southern Asia"	"Bangladesh"	"VCS"	"Renewable Energy"	"Solar - Centralized"	"4"
"Southern Asia"	"Bangladesh"	"VCS"	"Household & Community"	"Cookstoves"	"1"
"Southern Asia"	"Bangladesh"	"VCS"	"Renewable Energy"	"Solar - Distributed"	"1"
"Southern Asia"	"India"	"GS"	"Renewable Energy"	"Wind"	"83"
"Southern Asia"	"India"	"GS"	"Household & Community"	"Cookstoves"	"72"
"Southern Asia"	"India"	"GS"	"Renewable Energy"	"Solar - Centralized"	"53"
"Southern Asia"	"India"	"GS"	"Household & Community"	"Biodigesters"	"40"
"Southern Asia"	"India"	"GS"	"Household & Community"	"Bundled Energy Efficiency"	"31"
"Southern Asia"	"India"	"GS"	"Renewable Energy"	"Biomass"	"9"
"Southern Asia"	"India"	"GS"	"Renewable Energy"	"Solar - Distributed"	"8"
"Southern Asia"	"India"	"GS"	"Renewable Energy"	"Solar Water Heaters"	"8"
"Southern Asia"	"India"	"GS"	"Agriculture"	"Improved Irrigation Management"	"6"
"Southern Asia"	"India"	"GS"	"Household & Community"	"Clean Water"	"6"
"Southern Asia"	"India"	"GS"	"Renewable Energy"	"Hydropower"	"5"
"Southern Asia"	"India"	"GS"	"Agriculture"	"Manure Methane Digester"	"2"
"Southern Asia"	"India"	"GS"	"Transportation"	"Mass Transit"	"2"
"Southern Asia"	"India"	"GS"	"Agriculture"	"Improved irrigation management"	"1"
"Southern Asia"	"India"	"GS"	"Forestry & Land Use"	"Afforestation/Reforestation"	"1"
"Southern Asia"	"India"	"GS"	"Industrial & Commercial"	"Energy Efficiency"	"1"
"Southern Asia"	"India"	"GS"	"Renewable Energy"	"Solar Lighting"	"1"
"Southern Asia"	"India"	"GS"	"Waste Management"	"Waste Diversion"	"1"
"Southern Asia"	"India"	"VCS"	"Renewable Energy"	"Wind"	"224"
"Southern Asia"	"India"	"VCS"	"Household & Community"	"Cookstoves"	"64"
"Southern Asia"	"India"	"VCS"	"Renewable Energy"	"Solar - Centralized"	"44"
"Southern Asia"	"India"	"VCS"	"Renewable Energy"	"Biomass"	"40"
"Southern Asia"	"India"	"VCS"	"Renewable Energy"	"Hydropower"	"33"
"Southern Asia"	"India"	"VCS"	"Household & Community"	"Lighting"	"15"
"Southern Asia"	"India"	"VCS"	"Renewable Energy"	"RE Bundled"	"11"
"Southern Asia"	"India"	"VCS"	"Forestry & Land Use"	"Afforestation/Reforestation"	"9"
"Southern Asia"	"India"	"VCS"	"Industrial & Commercial"	"Brick Manufacturing Emission Reductions"	"7"
"Southern Asia"	"India"	"VCS"	"Industrial & Commercial"	"Waste Heat Recovery"	"7"
"Southern Asia"	"India"	"VCS"	"Household & Community"	"Biodigesters"	"6"
"Southern Asia"	"India"	"VCS"	"Industrial & Commercial"	"Natural Gas Electricity Generation"	"5"
"Southern Asia"	"India"	"VCS"	"Renewable Energy"	"Solar - Distributed"	"5"
"Southern Asia"	"India"	"VCS"	"Renewable Energy"	"Solar Lighting"	"4"
"Southern Asia"	"India"	"VCS"	"Transportation"	"Electric Vehicles & Charging"	"3"
"Southern Asia"	"India"	"VCS"	"Waste Management"	"Composting"	"3"
"Southern Asia"	"India"	"VCS"	"Agriculture"	"Improved Irrigation Management"	"2"
"Southern Asia"	"India"	"VCS"	"Agriculture"	"Manure Methane Digester"	"2"
"Southern Asia"	"India"	"VCS"	"Industrial & Commercial"	"Energy Efficiency"	"2"
"Southern Asia"	"India"	"VCS"	"Industrial & Commercial"	"Fuel Switching"	"2"
"Southern Asia"	"India"	"VCS"	"Agriculture"	"Sustainable Agriculture"	"1"
"Southern Asia"	"India"	"VCS"	"Forestry & Land Use"	"Wetland Restoration"	"1"
"Southern Asia"	"India"	"VCS"	"Household & Community"	"Bundled Energy Efficiency"	"1"
"Southern Asia"	"India"	"VCS"	"Household & Community"	"Clean Water"	"1"
"Southern Asia"	"India"	"VCS"	"Industrial & Commercial"	"Waste Gas Recovery"	"1"
"Southern Asia"	"India"	"VCS"	"Waste Management"	"Biochar"	"1"
"Southern Asia"	"India"	"VCS"	"Waste Management"	"Methane Recovery in Wastewater"	"1"
"Southern Asia"	"Nepal"	"GS"	"Household & Community"	"Biodigesters"	"19"
"Southern Asia"	"Nepal"	"GS"	"Household & Community"	"Cookstoves"	"8"
"Southern Asia"	"Nepal"	"GS"	"Household & Community"	"Bundled Energy Efficiency"	"1"
"Southern Asia"	"Nepal"	"GS"	"Household & Community"	"Clean Water"	"1"
"Southern Asia"	"Nepal"	"GS"	"Waste Management"	"Composting"	"1"
"Southern Asia"	"Nepal"	"VCS"	"Household & Community"	"Cookstoves"	"5"
"Southern Asia"	"Nepal"	"VCS"	"Renewable Energy"	"Biomass"	"1"
"Southern Asia"	"Nepal"	"VCS"	"Renewable Energy"	"Hydropower"	"1"
"Southern Asia"	"Pakistan"	"GS"	"Renewable Energy"	"Wind"	"6"
"Southern Asia"	"Pakistan"	"VCS"	"Renewable Energy"	"Wind"	"2"
"Southern Asia"	"Pakistan"	"VCS"	"Forestry & Land Use"	"Wetland Restoration"	"1"
"Southern Asia"	"Pakistan"	"VCS"	"Waste Management"	"Composting"	"1"
"Southern Asia"	"Sri Lanka"	"GS"	"Renewable Energy"	"Solar - Centralized"	"4"
"Southern Asia"	"Sri Lanka"	"GS"	"Renewable Energy"	"Hydropower"	"2"
"Southern Asia"	"Sri Lanka"	"GS"	"Renewable Energy"	"Wind"	"2"
"Southern Asia"	"Sri Lanka"	"VCS"	"Renewable Energy"	"Biomass"	"3"
"Southern Asia"	"Sri Lanka"	"VCS"	"Renewable Energy"	"Solar - Distributed"	"1"
"Sub-Saharan Africa"	"Angola"	"VCS"	"Household & Community"	"Cookstoves"	"3"
"Sub-Saharan Africa"	"Benin"	"GS"	"Household & Community"	"Cookstoves"	"3"
"Sub-Saharan Africa"	"Benin"	"GS"	"Household & Community"	"Clean Water"	"1"
"Sub-Saharan Africa"	"Benin"	"GS"	"Renewable Energy"	"Solar - Centralized"	"1"
"Sub-Saharan Africa"	"Benin"	"VCS"	"Forestry & Land Use"	"REDD+"	"1"
"Sub-Saharan Africa"	"Benin"	"VCS"	"Household & Community"	"Cookstoves"	"1"
"Sub-Saharan Africa"	"Burkina Faso"	"GS"	"Household & Community"	"Cookstoves"	"29"
"Sub-Saharan Africa"	"Burkina Faso"	"GS"	"Household & Community"	"Clean Water"	"4"
"Sub-Saharan Africa"	"Burkina Faso"	"VCS"	"Renewable Energy"	"Solar - Distributed"	"1"
"Sub-Saharan Africa"	"Burundi"	"GS"	"Household & Community"	"Cookstoves"	"3"
"Sub-Saharan Africa"	"Burundi"	"VCS"	"Household & Community"	"Cookstoves"	"4"
"Sub-Saharan Africa"	"Cameroon"	"GS"	"Household & Community"	"Cookstoves"	"3"
"Sub-Saharan Africa"	"Cameroon"	"GS"	"Waste Management"	"Composting"	"1"
"Sub-Saharan Africa"	"Cameroon"	"VCS"	"Renewable Energy"	"Hydropower"	"1"
"Sub-Saharan Africa"	"Central African Republic"	"VCS"	"Forestry & Land Use"	"REDD+"	"1"
"Sub-Saharan Africa"	"Chad"	"GS"	"Household & Community"	"Cookstoves"	"1"
"Sub-Saharan Africa"	"Comoros"	"VCS"	"Renewable Energy"	"Solar - Centralized"	"1"
"Sub-Saharan Africa"	"Congo"	"GS"	"Household & Community"	"Cookstoves"	"1"
"Sub-Saharan Africa"	"Congo"	"VCS"	"Forestry & Land Use"	"Afforestation/Reforestation"	"2"
"Sub-Saharan Africa"	"Côte d'Ivoire"	"GS"	"Household & Community"	"Cookstoves"	"1"
"Sub-Saharan Africa"	"Côte d'Ivoire"	"VCS"	"Renewable Energy"	"Hydropower"	"1"
"Sub-Saharan Africa"	"DRC"	"GS"	"Household & Community"	"Cookstoves"	"6"
"Sub-Saharan Africa"	"DRC"	"GS"	"Forestry & Land Use"	"Afforestation/Reforestation"	"1"
"Sub-Saharan Africa"	"DRC"	"VCS"	"Renewable Energy"	"Hydropower"	"3"
"Sub-Saharan Africa"	"DRC"	"VCS"	"Household & Community"	"Cookstoves"	"2"
"Sub-Saharan Africa"	"DRC"	"VCS"	"Forestry & Land Use"	"REDD+"	"1"
"Sub-Saharan Africa"	"Eritrea"	"GS"	"Household & Community"	"Community Boreholes"	"33"
"Sub-Saharan Africa"	"Eritrea"	"GS"	"Household & Community"	"Cookstoves"	"3"
"Sub-Saharan Africa"	"Eritrea"	"GS"	"Household & Community"	"Clean Water"	"2"
"Sub-Saharan Africa"	"Ethiopia"	"GS"	"Household & Community"	"Cookstoves"	"16"
"Sub-Saharan Africa"	"Ethiopia"	"GS"	"Household & Community"	"Clean Water"	"14"
"Sub-Saharan Africa"	"Ethiopia"	"GS"	"Household & Community"	"Community Boreholes"	"7"
"Sub-Saharan Africa"	"Ethiopia"	"GS"	"Forestry & Land Use"	"Afforestation/Reforestation"	"2"
"Sub-Saharan Africa"	"Ethiopia"	"GS"	"Renewable Energy"	"Solar Lighting"	"1"
"Sub-Saharan Africa"	"Gambia"	"GS"	"Household & Community"	"Clean Water"	"6"
"Sub-Saharan Africa"	"Gambia"	"VCS"	"Household & Community"	"Cookstoves"	"2"
"Sub-Saharan Africa"	"Ghana"	"GS"	"Household & Community"	"Cookstoves"	"5"
"Sub-Saharan Africa"	"Ghana"	"GS"	"Household & Community"	"Clean Water"	"2"
"Sub-Saharan Africa"	"Ghana"	"GS"	"Forestry & Land Use"	"Afforestation/Reforestation"	"1"
"Sub-Saharan Africa"	"Ghana"	"VCS"	"Forestry & Land Use"	"Afforestation/Reforestation"	"5"
"Sub-Saharan Africa"	"Ghana"	"VCS"	"Household & Community"	"Cookstoves"	"3"
"Sub-Saharan Africa"	"Guinea"	"GS"	"Household & Community"	"Cookstoves"	"1"
"Sub-Saharan Africa"	"Guinea-Bissau"	"VCS"	"Forestry & Land Use"	"REDD+"	"1"
"Sub-Saharan Africa"	"Kenya"	"GS"	"Household & Community"	"Cookstoves"	"55"
"Sub-Saharan Africa"	"Kenya"	"GS"	"Household & Community"	"Clean Water"	"36"
"Sub-Saharan Africa"	"Kenya"	"GS"	"Household & Community"	"Community Boreholes"	"13"
"Sub-Saharan Africa"	"Kenya"	"GS"	"Household & Community"	"Biodigesters"	"8"
"Sub-Saharan Africa"	"Kenya"	"GS"	"Renewable Energy"	"Solar Lighting"	"3"
"Sub-Saharan Africa"	"Kenya"	"GS"	"Agriculture"	"Sustainable Agriculture"	"1"
"Sub-Saharan Africa"	"Kenya"	"GS"	"Household & Community"	"Bundled Energy Efficiency"	"1"
"Sub-Saharan Africa"	"Kenya"	"GS"	"Renewable Energy"	"Biomass"	"1"
"Sub-Saharan Africa"	"Kenya"	"VCS"	"Household & Community"	"Cookstoves"	"8"
"Sub-Saharan Africa"	"Kenya"	"VCS"	"Forestry & Land Use"	"Afforestation/Reforestation"	"7"
"Sub-Saharan Africa"	"Kenya"	"VCS"	"Forestry & Land Use"	"REDD+"	"3"
"Sub-Saharan Africa"	"Kenya"	"VCS"	"Agriculture"	"Sustainable Agriculture"	"2"
"Sub-Saharan Africa"	"Kenya"	"VCS"	"Household & Community"	"Bundled Energy Efficiency"	"2"
"Sub-Saharan Africa"	"Kenya"	"VCS"	"Agriculture"	"Improved Irrigation Management"	"1"
"Sub-Saharan Africa"	"Kenya"	"VCS"	"Forestry & Land Use"	"Sustainable Grassland Management"	"1"
"Sub-Saharan Africa"	"Kenya"	"VCS"	"Renewable Energy"	"Biomass"	"1"
"Sub-Saharan Africa"	"Kenya"	"VCS"	"Renewable Energy"	"Solar Lighting"	"1"
"Sub-Saharan Africa"	"Kenya"	"VCS"	"Waste Management"	"Composting"	"1"
"Sub-Saharan Africa"	"Lesotho"	"GS"	"Household & Community"	"Cookstoves"	"1"
"Sub-Saharan Africa"	"Liberia"	"VCS"	"Household & Community"	"Cookstoves"	"1"
"Sub-Saharan Africa"	"Liberia"	"VCS"	"Renewable Energy"	"Biomass"	"1"
"Sub-Saharan Africa"	"Madagascar"	"GS"	"Household & Community"	"Clean Water"	"10"
"Sub-Saharan Africa"	"Madagascar"	"GS"	"Household & Community"	"Community Boreholes"	"1"
"Sub-Saharan Africa"	"Madagascar"	"GS"	"Household & Community"	"Cookstoves"	"1"
"Sub-Saharan Africa"	"Madagascar"	"GS"	"Household & Community"	"Lighting"	"1"
"Sub-Saharan Africa"	"Madagascar"	"GS"	"Renewable Energy"	"RE Bundled"	"1"
"Sub-Saharan Africa"	"Madagascar"	"GS"	"Renewable Energy"	"Solar - Centralized"	"1"
"Sub-Saharan Africa"	"Madagascar"	"GS"	"Renewable Energy"	"Solar - Distributed"	"1"
"Sub-Saharan Africa"	"Madagascar"	"VCS"	"Household & Community"	"Cookstoves"	"14"
"Sub-Saharan Africa"	"Madagascar"	"VCS"	"Forestry & Land Use"	"REDD+"	"3"
"Sub-Saharan Africa"	"Madagascar"	"VCS"	"Household & Community"	"Clean Water"	"1"
"Sub-Saharan Africa"	"Madagascar"	"VCS"	"Renewable Energy"	"Hydropower"	"1"
"Sub-Saharan Africa"	"Madagascar"	"VCS"	"Waste Management"	"Composting"	"1"
"Sub-Saharan Africa"	"Malawi"	"GS"	"Household & Community"	"Cookstoves"	"42"
"Sub-Saharan Africa"	"Malawi"	"GS"	"Household & Community"	"Community Boreholes"	"32"
"Sub-Saharan Africa"	"Malawi"	"GS"	"Household & Community"	"Bundled Energy Efficiency"	"1"
"Sub-Saharan Africa"	"Malawi"	"GS"	"Industrial & Commercial"	"Brick Manufacturing Emission Reductions"	"1"
"Sub-Saharan Africa"	"Malawi"	"GS"	"Renewable Energy"	"Solar Lighting"	"1"
"Sub-Saharan Africa"	"Malawi"	"VCS"	"Household & Community"	"Cookstoves"	"9"
"Sub-Saharan Africa"	"Malawi"	"VCS"	"Forestry & Land Use"	"Afforestation/Reforestation"	"1"
"Sub-Saharan Africa"	"Malawi"	"VCS"	"Forestry & Land Use"	"REDD+"	"1"
"Sub-Saharan Africa"	"Mali"	"GS"	"Household & Community"	"Cookstoves"	"3"
"Sub-Saharan Africa"	"Mauritania"	"VCS"	"Renewable Energy"	"Solar - Centralized"	"1"
"Sub-Saharan Africa"	"Mauritania"	"VCS"	"Renewable Energy"	"Wind"	"1"
"Sub-Saharan Africa"	"Mauritius"	"GS"	"Waste Management"	"Landfill Methane"	"1"
"Sub-Saharan Africa"	"Mauritius"	"VCS"	"Renewable Energy"	"Solar - Centralized"	"2"
"Sub-Saharan Africa"	"Mozambique"	"GS"	"Household & Community"	"Clean Water"	"15"
"Sub-Saharan Africa"	"Mozambique"	"GS"	"Household & Community"	"Cookstoves"	"14"
"Sub-Saharan Africa"	"Mozambique"	"GS"	"Household & Community"	"Community Boreholes"	"10"
"Sub-Saharan Africa"	"Mozambique"	"GS"	"Household & Community"	"Bundled Energy Efficiency"	"2"
"Sub-Saharan Africa"	"Mozambique"	"VCS"	"Household & Community"	"Cookstoves"	"2"
"Sub-Saharan Africa"	"Mozambique"	"VCS"	"Agriculture"	"Sustainable Agriculture"	"1"
"Sub-Saharan Africa"	"Mozambique"	"VCS"	"Forestry & Land Use"	"REDD+"	"1"
"Sub-Saharan Africa"	"Namibia"	"GS"	"Renewable Energy"	"Solar Lighting"	"1"
"Sub-Saharan Africa"	"Namibia"	"VCS"	"Renewable Energy"	"Solar - Centralized"	"3"
"Sub-Saharan Africa"	"Namibia"	"VCS"	"Renewable Energy"	"Wind"	"1"
"Sub-Saharan Africa"	"Niger"	"VCS"	"Forestry & Land Use"	"Afforestation/Reforestation"	"1"
"Sub-Saharan Africa"	"Nigeria"	"GS"	"Household & Community"	"Clean Water"	"30"
"Sub-Saharan Africa"	"Nigeria"	"GS"	"Household & Community"	"Cookstoves"	"9"
"Sub-Saharan Africa"	"Nigeria"	"VCS"	"Forestry & Land Use"	"Wetland Restoration"	"1"
"Sub-Saharan Africa"	"Nigeria"	"VCS"	"Household & Community"	"Bundled Energy Efficiency"	"1"
"Sub-Saharan Africa"	"Nigeria"	"VCS"	"Household & Community"	"Cookstoves"	"1"
"Sub-Saharan Africa"	"Nigeria"	"VCS"	"Renewable Energy"	"Solar - Distributed"	"1"
"Sub-Saharan Africa"	"Rwanda"	"GS"	"Household & Community"	"Cookstoves"	"55"
"Sub-Saharan Africa"	"Rwanda"	"GS"	"Household & Community"	"Community Boreholes"	"40"
"Sub-Saharan Africa"	"Rwanda"	"GS"	"Household & Community"	"Bundled Energy Efficiency"	"11"
"Sub-Saharan Africa"	"Rwanda"	"GS"	"Household & Community"	"Clean Water"	"8"
"Sub-Saharan Africa"	"Rwanda"	"GS"	"Renewable Energy"	"Solar - Centralized"	"1"
"Sub-Saharan Africa"	"Rwanda"	"VCS"	"Household & Community"	"Cookstoves"	"4"
"Sub-Saharan Africa"	"Rwanda"	"VCS"	"Forestry & Land Use"	"Afforestation/Reforestation"	"1"
"Sub-Saharan Africa"	"Rwanda"	"VCS"	"Household & Community"	"Bundled Energy Efficiency"	"1"
"Sub-Saharan Africa"	"Rwanda"	"VCS"	"Renewable Energy"	"Hydropower"	"1"
"Sub-Saharan Africa"	"Senegal"	"GS"	"Renewable Energy"	"Solar - Centralized"	"4"
"Sub-Saharan Africa"	"Senegal"	"GS"	"Household & Community"	"Community Boreholes"	"1"
"Sub-Saharan Africa"	"Senegal"	"VCS"	"Renewable Energy"	"Solar - Centralized"	"3"
"Sub-Saharan Africa"	"Senegal"	"VCS"	"Forestry & Land Use"	"Afforestation/Reforestation"	"1"
"Sub-Saharan Africa"	"Senegal"	"VCS"	"Forestry & Land Use"	"Wetland Restoration"	"1"
"Sub-Saharan Africa"	"Senegal"	"VCS"	"Household & Community"	"Clean Water"	"1"
"Sub-Saharan Africa"	"Senegal"	"VCS"	"Renewable Energy"	"Wind"	"1"
"Sub-Saharan Africa"	"Sierra Leone"	"GS"	"Household & Community"	"Clean Water"	"10"
"Sub-Saharan Africa"	"Sierra Leone"	"GS"	"Household & Community"	"Community Boreholes"	"3"
"Sub-Saharan Africa"	"Sierra Leone"	"VCS"	"Forestry & Land Use"	"Afforestation/Reforestation"	"1"
"Sub-Saharan Africa"	"Sierra Leone"	"VCS"	"Forestry & Land Use"	"REDD+"	"1"
"Sub-Saharan Africa"	"Somalia"	"GS"	"Household & Community"	"Cookstoves"	"1"
"Sub-Saharan Africa"	"South Africa"	"GS"	"Household & Community"	"Cookstoves"	"16"
"Sub-Saharan Africa"	"South Africa"	"GS"	"Renewable Energy"	"Solar - Distributed"	"7"
"Sub-Saharan Africa"	"South Africa"	"GS"	"Household & Community"	"Bundled Energy Efficiency"	"1"
"Sub-Saharan Africa"	"South Africa"	"GS"	"Renewable Energy"	"Biomass"	"1"
"Sub-Saharan Africa"	"South Africa"	"VCS"	"Household & Community"	"Cookstoves"	"4"
"Sub-Saharan Africa"	"South Africa"	"VCS"	"Forestry & Land Use"	"Afforestation/Reforestation"	"3"
"Sub-Saharan Africa"	"South Africa"	"VCS"	"Waste Management"	"Landfill Methane"	"3"
"Sub-Saharan Africa"	"South Africa"	"VCS"	"Renewable Energy"	"Wind"	"2"
"Sub-Saharan Africa"	"South Africa"	"VCS"	"Agriculture"	"Sustainable Agriculture"	"1"
"Sub-Saharan Africa"	"South Africa"	"VCS"	"Forestry & Land Use"	"Sustainable Grassland Management"	"1"
"Sub-Saharan Africa"	"South Africa"	"VCS"	"Industrial & Commercial"	"Mine Methane Capture"	"1"
"Sub-Saharan Africa"	"South Africa"	"VCS"	"Renewable Energy"	"Biomass"	"1"
"Sub-Saharan Africa"	"South Africa"	"VCS"	"Renewable Energy"	"Solar - Distributed"	"1"
"Sub-Saharan Africa"	"South Africa"	"VCS"	"Renewable Energy"	"Solar Lighting"	"1"
"Sub-Saharan Africa"	"South Africa"	"VCS"	"Transportation"	"Mass Transit"	"1"
"Sub-Saharan Africa"	"South Africa"	"VCS"	"Waste Management"	"Composting"	"1"
"Sub-Saharan Africa"	"Tanzania"	"GS"	"Household & Community"	"Clean Water"	"2"
"Sub-Saharan Africa"	"Tanzania"	"GS"	"Household & Community"	"Biodigesters"	"1"
"Sub-Saharan Africa"	"Tanzania"	"GS"	"Household & Community"	"Bundled Energy Efficiency"	"1"
"Sub-Saharan Africa"	"Tanzania"	"GS"	"Household & Community"	"Cookstoves"	"1"
"Sub-Saharan Africa"	"Tanzania"	"GS"	"Renewable Energy"	"Solar - Distributed"	"1"
"Sub-Saharan Africa"	"Tanzania"	"GS"	"Waste Management"	"Composting"	"1"
"Sub-Saharan Africa"	"Tanzania"	"VCS"	"Household & Community"	"Cookstoves"	"4"
"Sub-Saharan Africa"	"Tanzania"	"VCS"	"Forestry & Land Use"	"Afforestation/Reforestation"	"2"
"Sub-Saharan Africa"	"Tanzania"	"VCS"	"Forestry & Land Use"	"REDD+"	"1"
"Sub-Saharan Africa"	"Tanzania"	"VCS"	"Renewable Energy"	"RE Bundled"	"1"
"Sub-Saharan Africa"	"Togo"	"GS"	"Household & Community"	"Community Boreholes"	"5"
"Sub-Saharan Africa"	"Togo"	"GS"	"Household & Community"	"Clean Water"	"1"
"Sub-Saharan Africa"	"Togo"	"GS"	"Household & Community"	"Cookstoves"	"1"
"Sub-Saharan Africa"	"Togo"	"GS"	"Waste Management"	"Composting"	"1"
"Sub-Saharan Africa"	"Togo"	"VCS"	"Household & Community"	"Cookstoves"	"1"
"Sub-Saharan Africa"	"Togo"	"VCS"	"Renewable Energy"	"Solar - Centralized"	"1"
"Sub-Saharan Africa"	"Uganda"	"GS"	"Household & Community"	"Cookstoves"	"78"
"Sub-Saharan Africa"	"Uganda"	"GS"	"Household & Community"	"Clean Water"	"28"
"Sub-Saharan Africa"	"Uganda"	"GS"	"Household & Community"	"Community Boreholes"	"27"
"Sub-Saharan Africa"	"Uganda"	"GS"	"Forestry & Land Use"	"Afforestation/Reforestation"	"1"
"Sub-Saharan Africa"	"Uganda"	"GS"	"Household & Community"	"Biodigesters"	"1"
"Sub-Saharan Africa"	"Uganda"	"GS"	"Household & Community"	"Bundled Energy Efficiency"	"1"
"Sub-Saharan Africa"	"Uganda"	"GS"	"Renewable Energy"	"Solar Lighting"	"1"
"Sub-Saharan Africa"	"Uganda"	"VCS"	"Forestry & Land Use"	"Afforestation/Reforestation"	"11"
"Sub-Saharan Africa"	"Uganda"	"VCS"	"Household & Community"	"Cookstoves"	"4"
"Sub-Saharan Africa"	"Uganda"	"VCS"	"Household & Community"	"Bundled Energy Efficiency"	"2"
"Sub-Saharan Africa"	"Uganda"	"VCS"	"Renewable Energy"	"Hydropower"	"2"
"Sub-Saharan Africa"	"Uganda"	"VCS"	"Agriculture"	"Manure Methane Digester"	"1"
"Sub-Saharan Africa"	"Uganda"	"VCS"	"Waste Management"	"Methane Recovery in Wastewater"	"1"
"Sub-Saharan Africa"	"Zambia"	"GS"	"Household & Community"	"Clean Water"	"15"
"Sub-Saharan Africa"	"Zambia"	"GS"	"Household & Community"	"Cookstoves"	"6"
"Sub-Saharan Africa"	"Zambia"	"GS"	"Renewable Energy"	"Hydropower"	"1"
"Sub-Saharan Africa"	"Zambia"	"GS"	"Renewable Energy"	"Solar Lighting"	"1"
"Sub-Saharan Africa"	"Zambia"	"VCS"	"Household & Community"	"Cookstoves"	"6"
"Sub-Saharan Africa"	"Zambia"	"VCS"	"Forestry & Land Use"	"REDD+"	"3"
"Sub-Saharan Africa"	"Zambia"	"VCS"	"Forestry & Land Use"	"Afforestation/Reforestation"	"1"
"Sub-Saharan Africa"	"Zambia"	"VCS"	"Renewable Energy"	"Solar - Distributed"	"1"
"Sub-Saharan Africa"	"Zimbabwe"	"GS"	"Household & Community"	"Community Boreholes"	"6"
"Sub-Saharan Africa"	"Zimbabwe"	"GS"	"Household & Community"	"Cookstoves"	"1"
"Sub-Saharan Africa"	"Zimbabwe"	"VCS"	"Household & Community"	"Cookstoves"	"2"
"Western Asia"	"Bahrain"	"VCS"	"Renewable Energy"	"Solar - Centralized"	"1"
"Western Asia"	"Georgia"	"GS"	"Forestry & Land Use"	"Afforestation/Reforestation"	"1"
"Western Asia"	"Georgia"	"VCS"	"Renewable Energy"	"Hydropower"	"1"
"Western Asia"	"Iraq"	"GS"	"Renewable Energy"	"Solar - Distributed"	"1"
"Western Asia"	"Israel"	"VCS"	"Industrial & Commercial"	"Energy Efficiency"	"1"
"Western Asia"	"Israel"	"VCS"	"Industrial & Commercial"	"Fuel Switching"	"1"
"Western Asia"	"Jordan"	"VCS"	"Renewable Energy"	"Solar - Centralized"	"1"
"Western Asia"	"Oman"	"VCS"	"Waste Management"	"Landfill Methane"	"2"
"Western Asia"	"Oman"	"VCS"	"Industrial & Commercial"	"Waste Gas Recovery"	"1"
"Western Asia"	"Türkiye"	"GS"	"Renewable Energy"	"Wind"	"110"
"Western Asia"	"Türkiye"	"GS"	"Renewable Energy"	"Hydropower"	"17"
"Western Asia"	"Türkiye"	"GS"	"Waste Management"	"Landfill Methane"	"12"
"Western Asia"	"Türkiye"	"GS"	"Renewable Energy"	"Solar - Centralized"	"6"
"Western Asia"	"Türkiye"	"GS"	"Agriculture"	"Manure Methane Digester"	"3"
"Western Asia"	"Türkiye"	"GS"	"Renewable Energy"	"Geothermal"	"2"
"Western Asia"	"Türkiye"	"GS"	"Industrial & Commercial"	"Waste Heat Recovery"	"1"
"Western Asia"	"Türkiye"	"VCS"	"Renewable Energy"	"Hydropower"	"85"
"Western Asia"	"Türkiye"	"VCS"	"Renewable Energy"	"Wind"	"16"
"Western Asia"	"Türkiye"	"VCS"	"Agriculture"	"Manure Methane Digester"	"9"
"Western Asia"	"Türkiye"	"VCS"	"Renewable Energy"	"Solar - Centralized"	"8"
"Western Asia"	"Türkiye"	"VCS"	"Waste Management"	"Landfill Methane"	"7"
"Western Asia"	"Türkiye"	"VCS"	"Industrial & Commercial"	"Waste Heat Recovery"	"5"
"Western Asia"	"Türkiye"	"VCS"	"Renewable Energy"	"Biomass"	"3"
"Western Asia"	"Türkiye"	"VCS"	"Renewable Energy"	"Geothermal"	"2"
"Western Asia"	"Türkiye"	"VCS"	"Industrial & Commercial"	"Energy Efficiency"	"1"
"Western Asia"	"Türkiye"	"VCS"	"Transportation"	"Mass Transit"	"1"
"Western Asia"	"United Arab Emirates"	"VCS"	"Industrial & Commercial"	"Energy Efficiency"	"1"
"Western Asia"	"United Arab Emirates"	"VCS"	"Industrial & Commercial"	"Waste Heat Recovery"	"1"
		"ACR"			"1"
		"CAR"			"1"
		"GS"			"1"
		"VCS"			"1"
